participant_id,condition,sync_mode,trial_id,heading_norm,outcome,warning_type,alarm_video_s,alarm_video_mmss,reaction_video_s,reaction_video_mmss,rt_s,rt_ms,reaction_type,notes,qc_mismatch,alarm_sim_s,ttc_at_actual_response,ttc_lookup_status,Walker_speed,Walking_style
P1,Adaptive,direct,t3,,response_stop,f,70.0,,71.168,,1.168,1167.8,gaze_side,,False,3.8242,3.998,ok,normal,dynamic
P1,Adaptive,direct,t5,,response_stop,f,101.325,,101.935,,0.61,610.2,gaze_up,,False,3.0801,4.467,ok,normal,dynamic
P1,Adaptive,direct,t4,,collision,f,224.382,,225.204,,0.821,821.2,gaze_up,,False,3.2585,4.298,ok,normal,dynamic
P1,Adaptive,direct,t2,0.08192,response_stop,vha,364.0,,364.473,,0.473,472.6,stop,,False,6.7933,2.067,ok,normal,dynamic
P1,Adaptive,direct,t1,0.09067,collision,vha,408.0,,409.207,,1.207,1206.6,run,,False,6.815,1.248,ok,normal,dynamic
P1,Baseline,direct,t2,0.02172,collision,vha,54.0,,55.651,,1.651,1651.1,run_back,,False,6.3397,0.903,ok,normal,dynamic
P1,Baseline,direct,t4,0.09641,collision,vha,100.0,,101.105,,1.105,1105.1,stop,,False,6.0606,1.513,ok,normal,dynamic
P1,Baseline,direct,t1,0.05844,collision,vha,174.0,,175.118,,1.118,1117.8,stop,,False,5.994,1.594,ok,normal,dynamic
P1,Baseline,direct,t5,0.0881,response_stop,vha,237.0,,238.134,,1.134,1133.6,stop,,False,5.976,1.605,ok,normal,dynamic
P1,Baseline,direct,t3,0.08137,collision,vha,331.0,,332.174,,1.174,1174.0,stop,,False,6.2785,1.446,ok,normal,dynamic
P2,Adaptive,direct,t2,0.04889,collision,vha,32.0,,33.128,,1.128,1128.3,stop,,False,12.3418,1.733,ok,slow,dynamic
P2,Adaptive,direct,t3,0.01939,collision,vha,84.0,,85.387,,1.387,1386.9,stop,,False,13.5864,1.513,ok,slow,dynamic
P2,Adaptive,direct,t1,0.04355,collision,vha,223.0,,224.999,,1.999,1998.8,stop,,False,11.5638,1.018,ok,slow,dynamic
P2,Adaptive,direct,t5,0.1265,collision,vha,292.0,,293.588,,1.588,1588.3,run,,False,11.4699,1.589,ok,slow,dynamic
P2,Adaptive,direct,t4,0.12078,collision,vha,432.0,,432.634,,0.634,633.7,stop,,False,12.5914,2.11,ok,slow,dynamic
P2,Baseline,direct,t3,0.10168,response_stop,vha,108.0,,108.714,,0.714,714.0,stop,,False,22.6624,1.946,ok,slow,dynamic
P2,Baseline,direct,t5,0.12791,collision,vha,212.0,,212.827,,0.827,827.4,gaze_side,,False,13.7791,1.883,ok,slow,dynamic
P2,Baseline,direct,t4,0.1019,collision,vha,367.0,,368.681,,1.681,1680.7,gaze_side,,False,9.1281,1.313,ok,slow,dynamic
P2,Baseline,direct,t1,0.08746,response_stop,vha,417.0,,417.487,,0.487,487.0,run,,False,8.393,2.15,ok,slow,dynamic
P2,Baseline,direct,t2,0.09395,collision,vha,461.0,,462.359,,1.359,1359.5,stop,,False,17.9795,1.605,ok,slow,dynamic
P3,Adaptive,auto,t1,0.0154,collision,vha,8.364,,8.537,,0.173,172.6,run,,False,49.1455,2.358,ok,fast,dynamic
P3,Adaptive,auto,t5,0.03806,collision,vha,16.849,,17.007,,0.159,158.6,stop,,False,44.2459,2.383,ok,fast,dynamic
P3,Adaptive,auto,t3,0.00748,collision,vha,25.15,,25.311,,0.16,160.5,stop,,False,10.2141,2.34,ok,fast,dynamic
P3,Adaptive,auto,t2,0.01694,collision,vha,33.543,,33.715,,0.171,171.5,run,,False,8.9208,2.383,ok,fast,dynamic
P3,Adaptive,auto,t4,0.02774,collision,vha,42.005,,42.185,,0.18,180.1,run,,False,9.4587,2.34,ok,fast,dynamic
P3,Baseline,auto,t2,0.00287,collision,vha,8.547,,8.7,,0.153,153.1,run,,False,9.3305,2.4,ok,fast,dynamic
P3,Baseline,auto,t1,0.0625,collision,vha,17.032,,17.433,,0.4,400.4,gaze_up,,False,11.2946,2.217,ok,fast,dynamic
P3,Baseline,auto,t3,0.27108,collision,vha,25.39,,26.999,,1.609,1609.3,stop,,False,13.715,1.196,ok,fast,dynamic
P3,Baseline,auto,t5,0.00943,collision,vha,33.653,,34.465,,0.813,812.8,run,,False,16.7501,1.934,ok,fast,dynamic
P3,Baseline,auto,t4,,collision,vha,42.286,,,,,,,occluded_or_out_of_frame,False,10.7873,,no_rt,fast,dynamic
P4,Baseline,auto,t1,,collision,vha,8.5,,,,,,,annotated_reaction_not_automatable,True,29.7317,,no_rt,normal,constant
P4,Baseline,auto,t4,,collision,vha,16.7,,,,,,,annotated_reaction_not_automatable,True,6.9189,,no_rt,normal,constant
P4,Baseline,auto,t5,,collision,vha,25.602,,,,,,,annotated_reaction_not_automatable,True,12.2849,,no_rt,normal,constant
P4,Baseline,auto,t3,,collision,vha,33.957,,,,,,,annotated_reaction_not_automatable,True,7.0684,,no_rt,normal,constant
P4,Baseline,auto,t2,,collision,vha,42.335,,,,,,,annotated_reaction_not_automatable,True,12.0364,,no_rt,normal,constant
P5,Adaptive,direct,t3,0.06306,collision,vha,83.0,,84.414,,1.414,1414.4,gaze_side,,False,31.0906,1.196,ok,normal,constant
P5,Adaptive,direct,t1,0.01835,response_stop,f,374.346,,374.564,,0.217,217.3,run,,False,6.3355,4.834,ok,normal,constant
P5,Adaptive,direct,t2,0.06189,collision,vha,421.0,,422.539,,1.539,1538.6,gaze_side,,False,10.0835,1.001,ok,normal,constant
P5,Adaptive,direct,t4,0.0372,collision,vha,455.0,,456.444,,1.444,1444.4,stop,,False,6.7466,1.179,ok,normal,constant
P5,Adaptive,direct,t5,0.03069,collision,vha,492.0,,492.684,,0.684,683.9,run,,False,7.6922,1.896,ok,normal,constant
P5,Baseline,direct,t3,0.03519,response_stop,vha,23.0,,23.37,,0.37,370.3,run,,False,8.0673,2.175,ok,normal,constant
P5,Baseline,direct,t1,0.0729,collision,vha,88.0,,90.181,,2.181,2180.6,stop,,False,5.9918,0.386,ok,normal,constant
P5,Baseline,direct,t5,0.07784,collision,vha,114.0,,118.385,,4.385,4385.0,gaze_side,,False,6.831,,no_frame_within_0.5s (closest=1.70s away),normal,constant
P5,Baseline,direct,t2,0.07924,collision,vha,172.0,,173.727,,1.727,1726.9,stop,,False,8.2646,0.837,ok,normal,constant
P5,Baseline,direct,t4,0.06517,collision,vha,355.0,,355.955,,0.955,955.0,gaze_side,,False,9.0869,1.629,ok,normal,constant
P6,Adaptive,direct,t4,0.1359,collision,vha,31.0,,31.17,,0.17,169.8,stop,,False,11.5386,2.373,ok,slow,constant
P6,Adaptive,direct,t3,0.02307,collision,vha,83.0,,83.542,,0.542,541.8,run,,False,9.8734,2.159,ok,slow,constant
P6,Adaptive,direct,t2,0.12655,collision,vha,240.0,,240.158,,0.158,157.6,stop,,False,13.8138,2.433,ok,slow,constant
P6,Adaptive,direct,t5,0.13624,collision,vha,451.0,,451.179,,0.179,178.9,stop,,False,8.4186,2.4,ok,slow,constant
P6,Adaptive,direct,t1,0.12332,collision,vha,521.0,,521.419,,0.419,419.3,stop,,False,9.1289,2.25,ok,slow,constant
P6,Baseline,direct,t3,0.09497,collision,vha,41.0,,41.157,,0.157,156.7,stop,,False,9.1532,2.373,ok,slow,constant
P6,Baseline,direct,t1,0.08399,collision,vha,231.0,,231.544,,0.544,543.7,stop,,False,9.4498,2.09,ok,slow,constant
P6,Baseline,direct,t4,0.06515,collision,vha,342.0,,343.017,,1.017,1016.6,stop,,False,12.8744,1.813,ok,slow,constant
P6,Baseline,direct,t5,0.10606,collision,vha,456.0,,456.322,,0.322,322.3,gaze_side,,False,13.0101,2.273,ok,slow,constant
P6,Baseline,direct,t2,0.09251,collision,vha,520.0,,520.34,,0.34,340.1,stop,,False,11.7716,2.283,ok,slow,constant
P7,Adaptive,direct,t1,0.11114,collision,vha,219.0,,219.193,,0.193,193.4,stop,,False,12.3307,2.35,ok,normal,constant
P7,Adaptive,direct,t4,0.06399,collision,vha,326.0,,327.773,,1.773,1772.7,run_back,,False,9.836,0.813,ok,normal,constant
P7,Adaptive,direct,t2,0.01764,collision,f,433.399,,435.585,,2.186,2185.8,stop,,False,6.8428,2.933,ok,normal,constant
P7,Adaptive,direct,t5,0.01969,collision,f,505.357,,506.103,,0.746,746.3,run,,False,7.7284,4.317,ok,normal,constant
P7,Adaptive,direct,t3,0.00922,collision,f,544.398,,545.298,,0.901,900.5,run,,False,8.6627,4.248,ok,normal,constant
P7,Baseline,direct,t5,0.07782,collision,vha,19.0,,20.296,,1.296,1295.6,stop,,False,10.646,1.198,ok,normal,constant
P7,Baseline,direct,t1,0.08752,collision,vha,146.0,,151.867,,5.867,5867.4,stop,,False,6.1965,,no_frame_within_0.5s (closest=3.27s away),normal,constant
P7,Baseline,direct,t2,0.0812,collision,vha,251.0,,256.012,,5.012,5011.7,gaze_side,,False,8.903,,no_frame_within_0.5s (closest=2.44s away),normal,constant
P7,Baseline,direct,t3,0.0885,collision,vha,320.0,,323.864,,3.864,3863.8,run_back,,False,7.0704,,no_frame_within_0.5s (closest=1.20s away),normal,constant
P7,Baseline,direct,t4,0.12429,collision,vha,355.0,,356.757,,1.757,1756.7,run,,False,8.4749,0.878,ok,normal,constant
P8,Adaptive,direct,t5,0.20395,collision,vha,25.0,,25.959,,0.959,959.5,stop,,False,14.9116,1.632,ok,normal,constant
P8,Adaptive,direct,t3,0.20691,collision,vha,122.0,,122.59,,0.59,590.1,run,,False,9.1679,1.963,ok,normal,constant
P8,Adaptive,direct,t2,0.1671,collision,vha,324.0,,325.161,,1.161,1160.7,stop,,False,6.3522,1.597,ok,normal,constant
P8,Adaptive,direct,t4,0.11534,collision,vha,409.0,,409.345,,0.345,345.4,stop,,False,6.767,2.209,ok,normal,constant
P8,Adaptive,direct,t1,0.11776,collision,vha,518.0,,519.556,,1.556,1556.4,stop,,False,7.0043,0.985,ok,normal,constant
P8,Baseline,direct,t2,0.16684,collision,vha,155.0,,156.141,,1.141,1140.8,stop,,False,20.1975,1.598,ok,normal,constant
P8,Baseline,direct,t1,0.18833,collision,vha,257.0,,259.089,,2.089,2088.9,stop,,False,10.5195,0.519,ok,normal,constant
P8,Baseline,direct,t3,0.16317,collision,vha,423.0,,423.539,,0.539,539.0,gaze_up,,False,10.0899,1.979,ok,normal,constant
P8,Baseline,direct,t4,0.23133,collision,vha,568.0,,568.267,,0.267,267.0,stop,,False,7.7657,2.242,ok,normal,constant
P8,Baseline,direct,t5,0.25632,collision,vha,715.0,,715.431,,0.431,431.1,stop,,False,9.4966,2.133,ok,normal,constant
P9,Adaptive,direct,t5,0.01467,collision,f,31.316,,31.568,,0.252,252.3,run_back,,False,11.0538,4.783,ok,fast,dynamic
P9,Adaptive,direct,t2,0.18999,collision,vha,328.0,,328.583,,0.583,582.9,stop,,False,10.7614,1.983,ok,fast,dynamic
P9,Adaptive,direct,t3,0.05809,collision,vha,394.0,,396.453,,2.453,2452.9,run,,False,7.2501,0.313,ok,fast,dynamic
P9,Adaptive,direct,t4,0.15438,collision,vha,564.0,,566.728,,2.728,2727.9,run,,False,9.1545,0.113,ok,fast,dynamic
P9,Adaptive,direct,t1,0.13299,collision,vha,615.0,,617.364,,2.364,2363.8,run,,False,7.1561,0.403,ok,fast,dynamic
P9,Baseline,direct,t3,0.18462,collision,vha,42.0,,44.722,,2.722,2722.2,gaze_up,,False,8.1468,0.279,ok,fast,dynamic
P9,Baseline,direct,t5,0.19863,collision,vha,223.0,,224.981,,1.981,1981.2,gaze_side,,False,9.6785,1.133,ok,fast,dynamic
P9,Baseline,direct,t1,0.20657,collision,vha,347.0,,348.819,,1.819,1819.5,run,,False,8.3134,1.133,ok,fast,dynamic
P9,Baseline,direct,t4,0.15379,collision,vha,434.0,,436.526,,2.526,2525.7,run,,False,11.4166,0.629,ok,fast,dynamic
P9,Baseline,direct,t2,0.26321,collision,vha,495.0,,496.256,,1.256,1255.6,gaze_side,,False,12.1901,1.667,ok,fast,dynamic
P10,Adaptive,direct,t4,0.0,collision,vha_fallback,35.0,,35.167,,0.167,166.7,run,found_on_retry_vha_fallback,False,6.5894,4.951,ok,slow,constant
P10,Adaptive,direct,t1,,collision,vha,155.0,,159.2,,4.2,4200.0,gaze_up,,False,7.8185,,no_frame_within_0.5s (closest=1.50s away),slow,constant
P10,Adaptive,direct,t5,,collision,vha,202.0,,206.0,,4.0,4000.0,gaze_up,,False,10.6663,,no_frame_within_0.5s (closest=1.24s away),slow,constant
P10,Adaptive,direct,t2,,collision,vha,242.0,,243.833,,1.833,1833.3,gaze_side,,False,9.5191,0.769,ok,slow,constant
P10,Adaptive,direct,t3,,collision,vha,362.0,,363.1,,1.1,1100.0,gaze_side,,False,8.6426,1.512,ok,slow,constant
P10,Baseline,direct,t3,0.01215,collision,vha,152.0,,152.167,,0.167,166.7,run,,False,9.2118,2.34,ok,slow,constant
P10,Baseline,direct,t1,,collision,vha,239.0,,239.167,,0.167,166.7,gaze_side,,False,7.3371,2.383,ok,slow,constant
P10,Baseline,direct,t5,,collision,vha,365.0,,369.1,,4.1,4100.0,gaze_side,,False,7.5969,,no_frame_within_0.5s (closest=1.42s away),slow,constant
P10,Baseline,direct,t2,,collision,vha,457.0,,458.767,,1.767,1766.7,gaze_up,,False,8.4506,0.803,ok,slow,constant
P10,Baseline,direct,t4,,collision,vha,505.0,,505.267,,0.267,266.7,gaze_side,,False,9.654,2.274,ok,slow,constant
P11,Adaptive,direct,t1,0.05218,collision,vha,92.0,,94.787,,2.787,2786.9,stop,,False,15.3671,0.369,ok,normal,constant
P11,Adaptive,direct,t4,0.0963,collision,vha,281.0,,281.327,,0.327,326.8,stop,,False,7.9978,2.258,ok,normal,constant
P11,Adaptive,direct,t3,0.09608,collision,vha,401.0,,401.453,,0.453,452.5,run,,False,7.4885,2.192,ok,normal,constant
P11,Adaptive,direct,t5,0.12129,collision,vha,479.0,,479.169,,0.169,169.1,run,,False,6.9165,2.417,ok,normal,constant
P11,Adaptive,direct,t2,0.01225,collision,vha,571.0,,571.589,,0.589,588.9,run,,False,7.2095,2.117,ok,normal,constant
P11,Baseline,direct,t4,0.00944,collision,vha,132.0,,132.85,,0.85,850.4,run,,False,8.5608,1.995,ok,normal,constant
P11,Baseline,direct,t2,0.05982,collision,vha,402.0,,402.151,,0.151,150.6,run,,False,8.7525,2.442,ok,normal,constant
P11,Baseline,direct,t1,0.06119,collision,vha,498.0,,499.005,,1.005,1005.4,run,,False,9.4102,1.95,ok,normal,constant
P11,Baseline,direct,t5,0.11093,collision,vha,536.0,,536.168,,0.168,167.5,gaze_up,,False,8.8592,2.433,ok,normal,constant
P11,Baseline,direct,t3,0.08794,collision,vha,572.0,,572.196,,0.196,196.4,run,,False,8.4938,2.373,ok,normal,constant
P12,Adaptive,absolute,t1,0.10698,collision,vha,20.768,,20.923,,0.155,155.3,run,,False,9.5122,2.4,ok,fast,constant
P12,Adaptive,absolute,t5,0.09556,collision,vha,114.789,,114.942,,0.154,153.5,run,,False,13.8201,2.4,ok,fast,constant
P12,Adaptive,absolute,t2,0.08627,collision,vha,225.986,,226.375,,0.389,389.2,run,,False,11.9889,2.167,ok,fast,constant
P12,Adaptive,absolute,t4,0.0414,collision,vha,376.596,,376.746,,0.15,150.2,run,,False,7.8032,2.34,ok,fast,constant
P12,Adaptive,absolute,t3,0.05356,collision,vha,444.355,,444.528,,0.174,173.6,run,,False,9.2624,2.324,ok,fast,constant
P12,Baseline,absolute,t4,0.0604,collision,vha,350.54,,350.696,,0.156,155.5,run,,False,12.0779,2.356,ok,fast,constant
P12,Baseline,absolute,t2,0.01557,collision,vha,479.373,,479.528,,0.155,155.2,run,,False,8.2607,2.383,ok,fast,constant
P12,Baseline,absolute,t3,0.06103,collision,vha,582.539,,582.721,,0.182,181.8,run,,False,6.6083,2.324,ok,fast,constant
P12,Baseline,absolute,t1,0.00611,collision,vha,641.884,,642.056,,0.172,171.7,run,,False,10.71,2.367,ok,fast,constant
P12,Baseline,absolute,t5,0.06243,collision,vha,689.673,,689.825,,0.152,151.9,run,,False,11.5343,2.4,ok,fast,constant
P13,Adaptive,absolute,t1,0.01281,collision,vha,59.776,,60.998,,1.221,1221.2,run,,False,21.3657,1.615,ok,slow,constant
P13,Adaptive,absolute,t4,0.06355,collision,vha,160.908,,161.201,,0.293,292.7,run,,False,7.0041,2.258,ok,slow,constant
P13,Adaptive,absolute,t2,0.04085,collision,f,233.802,,236.103,,2.301,2300.7,run,,False,8.8087,3.557,ok,slow,constant
P13,Adaptive,absolute,t3,0.03948,collision,vha,279.961,,280.322,,0.361,360.7,run_back,,False,7.8566,2.209,ok,slow,constant
P13,Adaptive,absolute,t5,0.02956,collision,vha,404.731,,404.891,,0.159,159.4,run,,False,9.6294,2.414,ok,slow,constant
P13,Baseline,absolute,t2,0.11132,collision,vha,37.616,,39.29,,1.674,1673.7,stop,,False,8.6474,1.621,ok,slow,constant
P13,Baseline,absolute,t1,0.09372,collision,vha,116.409,,117.535,,1.126,1126.2,stop,,False,8.8477,1.917,ok,slow,constant
P13,Baseline,absolute,t5,0.12422,collision,vha,194.608,,195.044,,0.437,436.5,stop,,False,13.7026,2.273,ok,slow,constant
P13,Baseline,absolute,t4,0.09398,collision,vha,342.907,,344.908,,2.001,2000.9,stop,,False,10.4593,1.278,ok,slow,constant
P13,Baseline,absolute,t3,0.13488,collision,vha,372.23,,374.727,,2.497,2497.1,run,,False,9.2605,1.046,ok,slow,constant
P14,Adaptive,absolute,t1,,collision,f,23.388,,25.38,,1.991,1991.3,gaze_side,,False,4.533,3.717,ok,normal,constant
P14,Adaptive,absolute,t3,,collision,f,63.815,,66.201,,2.385,2385.4,gaze_side,,False,4.961,6.437,ok,normal,constant
P14,Adaptive,absolute,t4,,collision,f,170.864,,172.722,,1.858,1857.7,gaze_side,,False,4.9405,3.686,ok,normal,constant
P14,Adaptive,absolute,t5,0.00721,collision,f,239.764,,239.923,,0.159,159.1,run_back,,False,5.545,4.9,ok,normal,constant
P14,Adaptive,absolute,t2,,collision,f,350.664,,352.081,,1.416,1416.4,gaze_side,,False,5.2138,3.967,ok,normal,constant
P14,Baseline,absolute,t4,0.0615,collision,vha,118.488,,118.646,,0.157,157.4,run,,False,27.5993,2.34,ok,normal,constant
P14,Baseline,absolute,t5,0.04966,collision,vha,246.449,,250.323,,3.874,3874.1,run_back,,False,9.5147,,no_frame_within_0.5s (closest=0.84s away),normal,constant
P14,Baseline,absolute,t3,0.01636,collision,vha,294.267,,294.448,,0.181,181.3,run,,False,8.6629,2.34,ok,normal,constant
P14,Baseline,absolute,t1,0.05305,collision,vha,401.999,,402.196,,0.197,196.9,run,,False,7.3271,2.383,ok,normal,constant
P14,Baseline,absolute,t2,0.05697,collision,vha,507.578,,507.744,,0.166,166.4,run,,False,7.037,2.4,ok,normal,constant
P15,Adaptive,absolute,t2,,collision,vha,112.581,,,,,,,annotated_reaction_not_automatable,True,28.2396,,no_rt,normal,dynamic
P15,Adaptive,absolute,t5,,collision,vha,338.83,,,,,,,annotated_reaction_not_automatable,True,5.9876,,no_rt,normal,dynamic
P15,Adaptive,absolute,t4,,collision,f,386.083,,,,,,,annotated_reaction_not_automatable,True,4.0021,,no_rt,normal,dynamic
P15,Adaptive,absolute,t1,,collision,f,438.312,,,,,,,annotated_reaction_not_automatable,True,3.6123,,no_rt,normal,dynamic
P15,Adaptive,absolute,t3,,collision,f,508.02,,,,,,,annotated_reaction_not_automatable,True,3.9481,,no_rt,normal,dynamic
P15,Baseline,absolute,t1,0.04672,collision,vha,61.731,,63.82,,2.089,2088.8,gaze_side,,False,5.5818,0.536,ok,normal,dynamic
P15,Baseline,absolute,t3,0.04629,collision,vha,148.194,,150.636,,2.441,2441.3,stop,,False,5.4703,0.263,ok,normal,dynamic
P15,Baseline,absolute,t4,0.04135,collision,vha,219.91,,220.421,,0.511,511.4,run,,False,5.9365,2.012,ok,normal,dynamic
P15,Baseline,absolute,t2,0.04702,collision,vha,316.688,,319.601,,2.913,2913.1,run,,False,5.7832,0.0,ok,normal,dynamic
P15,Baseline,absolute,t5,0.03465,collision,vha,366.09,,368.657,,2.567,2567.5,stop,,False,5.6327,0.103,ok,normal,dynamic
P16,Adaptive,absolute,t5,0.06357,collision,vha,25.02,,25.369,,0.349,349.5,gaze_up,,False,10.0196,2.25,ok,normal,constant
P16,Adaptive,absolute,t3,0.07992,collision,vha,159.055,,159.581,,0.527,526.9,stop,,False,7.2996,2.061,ok,normal,constant
P16,Adaptive,absolute,t4,0.05111,collision,vha,262.056,,262.658,,0.602,601.8,stop,,False,8.4474,2.012,ok,normal,constant
P16,Adaptive,absolute,t2,0.04768,collision,vha,302.207,,302.361,,0.154,153.9,gaze_up,,False,8.4163,2.4,ok,normal,constant
P16,Adaptive,absolute,t1,0.08511,collision,vha,388.928,,389.203,,0.274,274.5,run,,False,10.7279,2.317,ok,normal,constant
P16,Baseline,absolute,t2,0.06251,collision,vha,106.793,,107.231,,0.438,438.3,gaze_up,,False,30.9139,2.117,ok,normal,constant
P16,Baseline,absolute,t1,0.08031,collision,vha,162.884,,163.063,,0.18,179.6,run,,False,21.4545,2.383,ok,normal,constant
P16,Baseline,absolute,t4,0.05517,collision,vha,241.131,,241.295,,0.165,164.7,run,,False,7.7387,2.34,ok,normal,constant
P16,Baseline,absolute,t3,0.06086,collision,vha,381.795,,381.959,,0.164,164.3,gaze_up,,False,9.317,2.34,ok,normal,constant
P16,Baseline,absolute,t5,0.07367,collision,vha,416.441,,416.592,,0.151,150.8,gaze_up,,False,9.1264,2.417,ok,normal,constant
P17,Adaptive,absolute,t5,0.00495,collision,vha_fallback,40.358,,40.511,,0.153,153.2,run,found_on_retry_vha_fallback,False,10.2895,4.933,ok,normal,dynamic
P17,Adaptive,absolute,t1,,collision,f,212.228,,215.058,,2.83,2829.5,gaze_side,,False,3.6383,3.05,ok,normal,dynamic
P17,Adaptive,absolute,t3,,collision,f,296.808,,298.38,,1.571,1571.5,gaze_side,,False,6.5669,4.05,ok,normal,dynamic
P17,Adaptive,absolute,t2,,collision,f,382.153,,384.103,,1.95,1950.3,gaze_side,,False,5.1711,3.713,ok,normal,dynamic
P17,Adaptive,absolute,t4,0.00254,collision,vha_fallback,443.998,,444.152,,0.154,154.0,run,found_on_retry_vha_fallback,False,4.6836,4.988,ok,normal,dynamic
P17,Baseline,absolute,t3,0.04589,collision,vha,16.962,,17.116,,0.153,153.1,run,,False,7.5917,2.655,ok,normal,dynamic
P17,Baseline,absolute,t4,0.0797,collision,vha,326.003,,326.163,,0.16,159.7,run,,False,7.459,2.652,ok,normal,dynamic
P17,Baseline,absolute,t1,0.0634,collision,vha,361.917,,362.096,,0.179,178.7,run,,False,7.994,2.417,ok,normal,dynamic
P17,Baseline,absolute,t5,0.11557,collision,vha,408.789,,410.573,,1.783,1783.5,gaze_side,,False,7.895,1.65,ok,normal,dynamic
P17,Baseline,absolute,t2,0.05774,collision,vha,499.452,,499.787,,0.335,335.0,run,,False,7.2849,2.333,ok,normal,dynamic
P18,Adaptive,absolute,t3,0.0061,collision,f,14.434,,14.601,,0.167,166.8,run,,False,3.3168,4.981,ok,fast,constant
P18,Adaptive,absolute,t4,0.04081,collision,f,44.179,,44.336,,0.157,156.8,run,,False,2.8174,4.981,ok,fast,constant
P18,Adaptive,absolute,t2,0.0114,collision,f,78.52,,78.671,,0.151,151.1,run,,False,3.3984,4.917,ok,fast,constant
P18,Adaptive,absolute,t5,0.0,collision,f,178.646,,178.81,,0.165,164.5,run,,False,3.5426,4.917,ok,fast,constant
P18,Adaptive,absolute,t1,0.03929,collision,f,282.996,,283.15,,0.154,153.9,run,,False,3.7299,4.933,ok,fast,constant
P18,Baseline,absolute,t1,0.13117,collision,vha,86.097,,86.304,,0.207,206.6,stop,,False,12.3335,2.35,ok,fast,constant
P18,Baseline,absolute,t3,0.08917,collision,vha,145.551,,145.906,,0.355,354.7,stop,,False,6.2661,2.192,ok,fast,constant
P18,Baseline,absolute,t2,0.1109,collision,vha,174.434,,175.107,,0.674,673.5,stop,,False,6.0046,1.95,ok,fast,constant
P18,Baseline,absolute,t5,0.11677,collision,vha,228.679,,230.31,,1.631,1630.9,stop,,False,7.1259,1.05,ok,fast,constant
P18,Baseline,absolute,t4,0.11987,collision,vha,302.632,,302.946,,0.314,313.7,stop,,False,5.8487,2.225,ok,fast,constant
P19,Adaptive,absolute,t1,,collision,f,405.113,,405.53,,0.417,417.1,gaze_side,,False,17.1679,4.661,ok,slow,dynamic
P19,Adaptive,absolute,t4,0.20356,collision,vha,460.867,,461.213,,0.345,345.4,run,,False,17.8878,2.192,ok,slow,dynamic
P19,Adaptive,absolute,t2,0.01966,collision,vha,568.352,,568.531,,0.179,179.2,stop,,False,15.7634,2.351,ok,slow,dynamic
P19,Adaptive,absolute,t5,0.09339,collision,vha,600.652,,600.804,,0.152,152.0,run,,False,13.5259,2.4,ok,slow,dynamic
P19,Adaptive,absolute,t3,0.06121,collision,vha,653.781,,654.714,,0.933,932.7,run,,False,26.1052,1.663,ok,slow,dynamic
P19,Baseline,absolute,t2,0.06175,collision,vha,48.553,,48.827,,0.274,274.0,gaze_up,,False,26.987,2.311,ok,slow,dynamic
P19,Baseline,absolute,t3,0.05751,collision,vha,177.916,,178.51,,0.595,594.6,run,,False,13.4854,1.963,ok,slow,dynamic
P19,Baseline,absolute,t4,0.04103,collision,vha,226.356,,226.638,,0.282,281.5,run,,False,13.0004,2.241,ok,slow,dynamic
P19,Baseline,absolute,t1,0.04958,collision,vha,315.653,,315.86,,0.207,206.5,run,,False,12.8679,2.35,ok,slow,dynamic
P19,Baseline,absolute,t5,0.0514,collision,vha,414.741,,414.914,,0.172,172.2,gaze_up,,False,12.2434,2.394,ok,slow,dynamic
P20,Adaptive,absolute,t3,0.08605,collision,vha,193.232,,194.366,,1.134,1134.4,gaze_side,,False,12.582,1.679,ok,slow,dynamic
P20,Adaptive,absolute,t2,0.01282,collision,vha,316.899,,317.508,,0.608,608.1,run,,False,11.566,2.156,ok,slow,dynamic
P20,Adaptive,absolute,t4,0.15704,collision,vha,359.677,,359.835,,0.158,157.8,gaze_up,,False,11.6749,2.655,ok,slow,dynamic
P20,Adaptive,absolute,t5,0.1245,collision,vha,742.887,,744.492,,1.605,1605.2,gaze_side,,False,12.8682,0.936,ok,slow,dynamic
P20,Adaptive,absolute,t1,0.06614,collision,vha,875.642,,876.653,,1.012,1011.5,gaze_side,,False,16.6105,1.617,ok,slow,dynamic
P20,Baseline,absolute,t3,0.06774,collision,vha,77.535,,78.43,,0.895,894.6,run,,False,20.8797,1.779,ok,slow,dynamic
P20,Baseline,absolute,t4,0.01604,collision,vha,289.983,,290.246,,0.263,263.4,run,,False,7.3884,2.258,ok,slow,dynamic
P20,Baseline,absolute,t2,0.07686,collision,vha,438.003,,440.161,,2.158,2158.3,gaze_side,,False,8.6034,0.603,ok,slow,dynamic
P20,Baseline,absolute,t5,0.04248,collision,vha,575.549,,577.789,,2.24,2239.9,gaze_side,,False,10.7191,0.604,ok,slow,dynamic
P20,Baseline,absolute,t1,0.04209,collision,vha,649.866,,650.075,,0.209,209.1,run,,False,10.1529,2.34,ok,slow,dynamic
P21,Adaptive,absolute,t1,0.03146,collision,f,113.891,,116.058,,2.167,2167.1,stop,,False,21.3007,3.007,ok,slow,constant
P21,Adaptive,absolute,t2,0.1218,collision,vha,176.471,,177.653,,1.182,1182.3,stop,,False,7.57,1.6,ok,slow,constant
P21,Adaptive,absolute,t3,0.01556,collision,f,291.456,,291.611,,0.155,154.9,run_back,,False,5.5672,4.949,ok,slow,constant
P21,Adaptive,absolute,t5,0.08109,collision,f,321.585,,321.742,,0.157,156.8,run_back,,False,6.0371,4.872,ok,slow,constant
P21,Adaptive,absolute,t4,0.02212,collision,f,417.519,,418.334,,0.815,815.1,run,,False,5.1042,4.37,ok,slow,constant
P21,Baseline,absolute,t5,0.04063,collision,vha,19.898,,20.431,,0.533,533.0,run,,False,7.4322,2.05,ok,slow,constant
P21,Baseline,absolute,t3,0.08351,collision,vha,134.171,,135.684,,1.513,1513.0,stop,,False,7.3162,1.163,ok,slow,constant
P21,Baseline,absolute,t1,0.04176,collision,vha,160.546,,162.514,,1.968,1967.9,stop,,False,6.7711,0.653,ok,slow,constant
P21,Baseline,absolute,t2,0.13866,collision,vha,184.826,,186.511,,1.685,1684.6,stop,,False,6.6785,0.953,ok,slow,constant
P21,Baseline,absolute,t4,0.04464,collision,vha,254.447,,254.603,,0.156,155.7,run,,False,6.0122,2.373,ok,slow,constant
P22,Adaptive,absolute,t1,0.0088,collision,f,13.173,,13.336,,0.163,163.4,run,,False,2.943,4.9,ok,normal,constant
P22,Adaptive,absolute,t5,0.08198,collision,vha,113.748,,114.26,,0.512,512.1,gaze_up,,False,5.6562,2.083,ok,normal,constant
P22,Adaptive,absolute,t4,0.09354,collision,vha,153.221,,153.703,,0.482,482.1,stop,,False,5.2583,2.061,ok,normal,constant
P22,Adaptive,absolute,t2,0.09081,collision,vha,232.459,,232.622,,0.163,162.8,stop,,False,5.5377,2.367,ok,normal,constant
P22,Adaptive,absolute,t3,0.08376,collision,vha,291.725,,292.569,,0.844,843.8,stop,,False,5.9539,1.729,ok,normal,constant
P22,Baseline,absolute,t5,0.10826,collision,vha,71.686,,71.848,,0.162,162.4,stop,,False,11.1438,2.371,ok,normal,constant
P22,Baseline,absolute,t3,0.10729,collision,vha,139.861,,140.996,,1.135,1134.5,stop,,False,5.7095,1.463,ok,normal,constant
P22,Baseline,absolute,t1,0.10061,collision,vha,221.291,,222.479,,1.188,1187.9,stop,,False,5.6719,1.594,ok,normal,constant
P22,Baseline,absolute,t2,0.13799,collision,vha,281.886,,283.425,,1.539,1538.6,stop,,False,5.2905,1.018,ok,normal,constant
P22,Baseline,absolute,t4,0.11724,collision,vha,322.69,,323.133,,0.442,442.3,stop,,False,5.6287,2.11,ok,normal,constant
P23,Adaptive,absolute,t1,0.13841,collision,vha,51.216,,51.441,,0.225,224.8,stop,,False,17.628,2.3,ok,normal,constant
P23,Adaptive,absolute,t4,0.1048,collision,vha,225.321,,225.497,,0.176,175.7,gaze_up,,False,5.945,2.324,ok,normal,constant
P23,Adaptive,absolute,t3,0.13386,collision,vha,297.242,,297.541,,0.299,299.1,stop,,False,5.7569,2.209,ok,normal,constant
P23,Adaptive,absolute,t5,0.14001,collision,vha,341.911,,346.239,,4.328,4327.8,gaze_up,,False,5.9612,,no_frame_within_0.5s (closest=1.66s away),normal,constant
P23,Adaptive,absolute,t2,0.11549,collision,vha,377.646,,377.813,,0.166,166.2,stop,,False,5.9254,2.383,ok,normal,constant
P23,Baseline,absolute,t1,0.03608,collision,vha,39.581,,39.754,,0.173,173.0,run,,False,6.4986,2.383,ok,normal,constant
P23,Baseline,absolute,t3,0.08178,collision,vha,67.298,,67.469,,0.172,171.5,gaze_up,,False,5.7851,2.324,ok,normal,constant
P23,Baseline,absolute,t2,0.15165,collision,vha,93.161,,93.45,,0.289,288.8,stop,,False,5.9716,2.267,ok,normal,constant
P23,Baseline,absolute,t5,0.1067,collision,vha,138.66,,139.407,,0.747,747.1,stop,,False,5.728,1.833,ok,normal,constant
P23,Baseline,absolute,t4,0.11523,collision,vha,247.482,,248.165,,0.683,683.1,stop,,False,5.792,1.879,ok,normal,constant
P24,Adaptive,absolute,t1,0.08593,collision,vha,32.104,,33.646,,1.543,1542.9,gaze_side,,False,11.2607,0.986,ok,slow,constant
P24,Adaptive,absolute,t5,0.07567,collision,f,110.71,,112.677,,1.968,1967.7,stop,,False,8.6811,3.225,ok,slow,constant
P24,Adaptive,absolute,t4,0.11745,collision,f,147.542,,149.392,,1.85,1850.0,stop,,False,7.6339,3.441,ok,slow,constant
P24,Adaptive,absolute,t3,0.07218,collision,f,184.002,,184.172,,0.17,169.9,run,,False,8.9063,4.941,ok,slow,constant
P24,Adaptive,absolute,t2,0.09326,collision,f,334.576,,334.731,,0.155,154.6,run,,False,7.1205,4.873,ok,slow,constant
P24,Baseline,absolute,t2,0.05728,collision,vha,64.508,,65.653,,1.146,1145.7,stop,,False,47.5704,1.313,ok,slow,constant
P24,Baseline,absolute,t1,0.07647,collision,vha,213.13,,214.29,,1.16,1160.0,gaze_side,,False,14.2779,1.314,ok,slow,constant
P24,Baseline,absolute,t4,0.113,collision,vha,291.743,,291.974,,0.232,231.9,gaze_side,,False,12.0052,2.275,ok,slow,constant
P24,Baseline,absolute,t5,0.10976,collision,vha,325.941,,326.634,,0.693,693.4,gaze_side,,False,9.5315,1.885,ok,slow,constant
P24,Baseline,absolute,t3,0.11473,collision,vha,401.461,,402.085,,0.624,624.1,gaze_side,,False,12.2087,1.962,ok,slow,constant
P25,Adaptive,absolute,t4,0.08499,collision,vha,65.574,,70.89,,5.316,5316.2,gaze_up,,False,12.0932,,no_frame_within_0.5s (closest=2.53s away),normal,constant
P25,Adaptive,absolute,t1,0.12223,collision,vha,170.583,,170.764,,0.18,180.1,stop,,False,8.2179,2.354,ok,normal,constant
P25,Adaptive,absolute,t2,0.10608,collision,vha,235.515,,235.676,,0.161,161.2,run,,False,7.7281,2.38,ok,normal,constant
P25,Adaptive,absolute,t3,0.09639,collision,vha,272.614,,272.808,,0.193,193.3,run,,False,7.7091,2.307,ok,normal,constant
P25,Adaptive,absolute,t5,0.09624,collision,vha,331.238,,332.946,,1.708,1707.5,stop,,False,6.9918,0.919,ok,normal,constant
P25,Baseline,absolute,t1,0.03915,collision,vha,16.804,,16.973,,0.169,168.7,run,,False,6.864,2.383,ok,normal,constant
P25,Baseline,absolute,t5,0.14959,collision,vha,68.891,,69.864,,0.972,972.4,gaze_side,,False,7.486,1.688,ok,normal,constant
P25,Baseline,absolute,t2,0.16057,collision,vha,131.894,,132.076,,0.182,182.0,run,,False,6.8255,2.363,ok,normal,constant
P25,Baseline,absolute,t4,0.17482,collision,vha,205.615,,208.99,,3.374,3374.2,gaze_up,,False,7.1435,,no_frame_within_0.5s (closest=0.61s away),normal,constant
P25,Baseline,absolute,t3,0.08642,collision,vha,312.243,,312.699,,0.456,456.2,run,,False,6.8783,2.077,ok,normal,constant
P26,Adaptive,absolute,t5,0.08047,collision,vha,17.953,,19.306,,1.353,1353.1,run,,False,8.1498,1.248,ok,fast,dynamic
P26,Adaptive,absolute,t1,0.03206,collision,f,122.505,,123.103,,0.598,597.6,gaze_up,,False,4.9651,4.508,ok,fast,dynamic
P26,Adaptive,absolute,t3,0.05243,collision,vha,199.604,,200.025,,0.422,421.6,run,,False,9.0123,2.159,ok,fast,dynamic
P26,Adaptive,absolute,t4,0.05581,collision,vha,384.06,,384.713,,0.653,652.8,run,,False,7.6531,1.963,ok,fast,dynamic
P26,Adaptive,absolute,t2,0.09873,collision,vha,426.368,,426.925,,0.558,557.6,run,,False,8.0606,2.083,ok,fast,dynamic
P26,Baseline,absolute,t1,0.09084,collision,vha,59.383,,59.607,,0.224,224.1,run,,False,16.3028,2.333,ok,fast,dynamic
P26,Baseline,absolute,t3,0.04654,collision,vha,151.754,,152.718,,0.964,964.4,run,,False,12.0075,1.663,ok,fast,dynamic
P26,Baseline,absolute,t4,0.05702,collision,vha,316.025,,316.738,,0.712,712.3,run,,False,6.8037,1.846,ok,fast,dynamic
P26,Baseline,absolute,t5,0.05472,collision,vha,370.992,,371.144,,0.152,152.1,run,,False,7.7929,2.4,ok,fast,dynamic
P26,Baseline,absolute,t2,0.07098,collision,vha,462.88,,463.088,,0.208,208.5,run,,False,5.3585,2.333,ok,fast,dynamic
P27,Adaptive,absolute,t3,,collision,vha_fallback,95.339,,99.201,,3.863,3862.6,gaze_up,found_on_retry_vha_fallback,False,4.4419,1.479,ok,fast,dynamic
P27,Adaptive,absolute,t4,0.05348,collision,vha,184.751,,184.902,,0.152,151.6,gaze_side,,False,5.5973,2.356,ok,fast,dynamic
P27,Adaptive,absolute,t5,0.07415,collision,vha,272.668,,273.404,,0.735,735.3,gaze_side,,False,5.6053,1.867,ok,fast,dynamic
P27,Adaptive,absolute,t1,,collision,vha,327.583,,328.038,,0.454,454.4,gaze_side,,False,5.7256,2.133,ok,fast,dynamic
P27,Adaptive,absolute,t2,0.08929,collision,vha,415.682,,418.572,,2.89,2889.6,run,,False,5.7451,0.0,ok,fast,dynamic
P27,Baseline,absolute,t3,,collision,vha,18.514,,18.764,,0.251,250.5,gaze_side,,False,6.5967,2.258,ok,fast,dynamic
P27,Baseline,absolute,t2,0.01949,collision,vha,42.809,,42.961,,0.152,151.9,run,,False,5.7034,2.383,ok,fast,dynamic
P27,Baseline,absolute,t1,0.02555,collision,vha,119.918,,120.084,,0.166,166.1,run,,False,5.6678,2.367,ok,fast,dynamic
P27,Baseline,absolute,t4,0.04964,collision,vha,248.306,,248.468,,0.162,162.1,run,,False,5.4528,2.324,ok,fast,dynamic
P27,Baseline,absolute,t5,0.04183,collision,vha,281.495,,281.663,,0.168,168.1,run,,False,5.4599,2.367,ok,fast,dynamic
P28,Adaptive,absolute,t5,0.02352,collision,f,94.445,,95.006,,0.561,561.2,run,,False,12.6934,4.501,ok,normal,dynamic
P28,Adaptive,absolute,t1,0.08327,collision,vha,142.592,,143.01,,0.417,417.4,stop,,False,8.6949,2.126,ok,normal,dynamic
P28,Adaptive,absolute,t2,0.0952,collision,vha,409.734,,411.694,,1.961,1960.7,gaze_side,,False,17.2875,0.603,ok,normal,dynamic
P28,Adaptive,absolute,t4,0.09075,collision,vha,497.111,,498.3,,1.189,1189.0,stop,,False,21.0341,1.412,ok,normal,dynamic
P28,Adaptive,absolute,t3,0.08067,collision,vha,543.56,,545.403,,1.843,1842.9,stop,,False,6.9393,0.879,ok,normal,dynamic
P28,Baseline,absolute,t5,0.0512,collision,vha,406.466,,406.782,,0.316,316.3,run,,False,24.9586,2.267,ok,normal,dynamic
P28,Baseline,absolute,t1,0.09485,collision,vha,669.173,,671.516,,2.343,2343.0,gaze_side,,False,17.5301,0.286,ok,normal,dynamic
P28,Baseline,absolute,t4,0.06502,collision,vha,781.643,,785.522,,3.879,3879.4,gaze_side,,False,20.5389,,no_frame_within_0.5s (closest=1.08s away),normal,dynamic
P28,Baseline,absolute,t2,0.09247,collision,vha,897.227,,897.792,,0.565,564.9,run,,False,26.5998,2.0,ok,normal,dynamic
P28,Baseline,absolute,t3,0.06739,collision,vha,948.984,,949.337,,0.353,352.8,run,,False,8.8796,2.176,ok,normal,dynamic
P29,Adaptive,absolute,t1,0.04597,collision,vha,31.267,,31.741,,0.474,473.9,run,,False,11.6811,2.166,ok,normal,constant
P29,Adaptive,absolute,t4,0.03624,collision,f,161.152,,161.306,,0.154,154.3,run,,False,5.3977,4.981,ok,normal,constant
P29,Adaptive,absolute,t2,0.0,collision,f,253.398,,253.562,,0.164,164.0,run,,False,4.702,4.917,ok,normal,constant
P29,Adaptive,absolute,t5,,collision,f,342.047,,342.884,,0.837,837.0,gaze_side,,False,4.0344,4.417,ok,normal,constant
P29,Adaptive,absolute,t3,0.057,collision,f,423.834,,424.138,,0.304,303.7,run,,False,3.9092,4.898,ok,normal,constant
P29,Baseline,absolute,t5,0.08291,collision,vha,164.319,,164.5,,0.181,180.5,run,,False,8.3786,2.353,ok,normal,constant
P29,Baseline,absolute,t2,0.07679,collision,vha,242.856,,243.017,,0.161,160.6,run,,False,7.3511,2.367,ok,normal,constant
P29,Baseline,absolute,t1,0.09186,collision,vha,355.999,,357.76,,1.762,1761.7,run,,False,7.5531,0.819,ok,normal,constant
P29,Baseline,absolute,t4,0.05317,collision,vha,419.882,,420.647,,0.765,765.2,stop,,False,7.2676,1.813,ok,normal,constant
P29,Baseline,absolute,t3,0.09947,collision,vha,453.35,,453.641,,0.291,291.0,gaze_up,,False,8.649,2.225,ok,normal,constant
P30,Adaptive,absolute,t3,0.04059,collision,vha,27.734,,27.957,,0.223,222.9,gaze_side,,False,7.5559,2.307,ok,slow,constant
P30,Adaptive,absolute,t2,0.06804,collision,vha,70.597,,75.341,,4.744,4744.3,gaze_side,,False,13.3407,,no_frame_within_0.5s (closest=2.06s away),slow,constant
P30,Adaptive,absolute,t1,0.06507,collision,vha,109.783,,110.829,,1.046,1046.3,run,,False,13.6055,1.611,ok,slow,constant
P30,Adaptive,absolute,t5,0.05766,collision,vha,413.63,,415.325,,1.695,1694.9,run,,False,9.7879,0.904,ok,slow,constant
P30,Adaptive,absolute,t4,0.05962,collision,vha,482.761,,486.401,,3.641,3640.7,run,,False,13.6145,,no_frame_within_0.5s (closest=0.93s away),slow,constant
P30,Baseline,absolute,t1,0.02292,collision,vha,27.188,,27.347,,0.159,159.0,run,,False,17.1544,2.373,ok,slow,constant
P30,Baseline,absolute,t2,0.05439,collision,vha,182.229,,186.287,,4.058,4057.7,run,,False,9.7746,,no_frame_within_0.5s (closest=1.47s away),slow,constant
P30,Baseline,absolute,t5,0.03608,collision,vha,240.918,,241.081,,0.163,163.1,run,,False,7.7393,2.377,ok,slow,constant
P30,Baseline,absolute,t3,0.07366,collision,vha,306.639,,308.765,,2.126,2125.9,run,,False,10.8841,0.529,ok,slow,constant
P30,Baseline,absolute,t4,0.06964,collision,vha,338.901,,339.083,,0.183,182.7,run,,False,7.3064,2.324,ok,slow,constant
